DELETE FROM INTAKE ;
DELETE FROM ANIMALS;
DELETE FROM APPROXIMATE_BREEDS;
DELETE FROM ANIMAL_TYPES;
DELETE FROM SHELTERS;
DELETE FROM SHELTER_ADDRESS;
DELETE FROM STREET;
DELETE FROM CITY;
DELETE FROM COUNTRIES;

Insert into COUNTRIES (COUNTRY_CODE,COUNTRY) values ('FRA','France');
Insert into COUNTRIES (COUNTRY_CODE,COUNTRY) values ('POL','Poland');
Insert into COUNTRIES (COUNTRY_CODE,COUNTRY) values ('UKR','Ukraine');


Insert into CITY (CITY_ID,CITY,COUNTRY_CODE) values ('1','Fizhak','FRA');
Insert into CITY (CITY_ID,CITY,COUNTRY_CODE) values ('2','Krakow','POL');
Insert into CITY (CITY_ID,CITY,COUNTRY_CODE) values ('3','Lviv','UKR');


Insert into STREET (STREET_ID,STREET,CITY_ID) values ('1','Bayard Street','1');
Insert into STREET (STREET_ID,STREET,CITY_ID) values ('2','Kalwaryjska Street','2');
Insert into STREET (STREET_ID,STREET,CITY_ID) values ('3','Antonovicha Street','3');


Insert into SHELTER_ADDRESS (SHELTER_ADDRESS_ID,BUILD_NUM,STREET_ID) values ('11','105','1');
Insert into SHELTER_ADDRESS (SHELTER_ADDRESS_ID,BUILD_NUM,STREET_ID) values ('22','16','2');
Insert into SHELTER_ADDRESS (SHELTER_ADDRESS_ID,BUILD_NUM,STREET_ID) values ('33','201','3');


Insert into SHELTERS (SHELTER_ID,SHELTER_TITLE,SHELTER_ADDRESS_ID,STATUS) values ('100','In good hands','11','0');
Insert into SHELTERS (SHELTER_ID,SHELTER_TITLE,SHELTER_ADDRESS_ID,STATUS) values ('101','Happy pets','22','0');
Insert into SHELTERS (SHELTER_ID,SHELTER_TITLE,SHELTER_ADDRESS_ID,STATUS) values ('102','Bim','33','0');


Insert into ANIMAL_TYPES (ANIMAL_TYPE) values ('Dog');
Insert into ANIMAL_TYPES (ANIMAL_TYPE) values ('Cat');
Insert into ANIMAL_TYPES (ANIMAL_TYPE) values ('Bird');   


Insert into APPROXIMATE_BREEDS (APPROXIMATE_BREED) values ('Toy Fox Terrier');
Insert into APPROXIMATE_BREEDS (APPROXIMATE_BREED) values ('Pigeon');
Insert into APPROXIMATE_BREEDS (APPROXIMATE_BREED) values ('Maine Coon');


Insert into ANIMALS (ANIMAL_ID,ANIMAL_TYPE,APPROXIMATE_BREED,ANIMAL_NAME) values ('A700000','Dog','Toy Fox Terrier','Tom');
Insert into ANIMALS (ANIMAL_ID,ANIMAL_TYPE,APPROXIMATE_BREED,ANIMAL_NAME) values ('A700001','Bird','Pigeon','Burik');
Insert into ANIMALS (ANIMAL_ID,ANIMAL_TYPE,APPROXIMATE_BREED,ANIMAL_NAME) values ('A700002','Cat','Maine Coon','Bob');


Insert into INTAKE (ANIMAL_ID,SHELTER_ID,INTAKE_DATETIME,INTAKE_CONDITION) values ('A700000','102',to_timestamp('04.03.2014 19:42:00,000000000','DD.MM.RRRR HH24:MI:SSXFF'),'Normal');
Insert into INTAKE (ANIMAL_ID,SHELTER_ID,INTAKE_DATETIME,INTAKE_CONDITION) values ('A700002','100',to_timestamp('29.10.2017 08:44:00,000000000','DD.MM.RRRR HH24:MI:SSXFF'),'Normal');
Insert into INTAKE (ANIMAL_ID,SHELTER_ID,INTAKE_DATETIME,INTAKE_CONDITION) values ('A700001','101',to_timestamp('04.11.2013 10:54:00,000000000','DD.MM.RRRR HH24:MI:SSXFF'),'Normal');
Insert into INTAKE (ANIMAL_ID,SHELTER_ID,INTAKE_DATETIME,INTAKE_CONDITION) values ('A700002','102',to_timestamp('05.10.2015 17:55:00,000000000','DD.MM.RRRR HH24:MI:SSXFF'),'Sick');



